{
  "train_losses": [
    2348.783203125,
    2316.01611328125,
    2281.459228515625,
    2247.138671875,
    2216.006591796875,
    2184.152099609375,
    2155.7197265625,
    2122.724853515625,
    2093.12255859375,
    2062.130615234375,
    2034.46142578125,
    2005.0687255859375,
    1979.9586181640625,
    1951.3084716796875,
    1922.0362548828125,
    1893.43017578125,
    1867.5028076171875,
    1840.5618896484375,
    1812.826416015625,
    1787.2210693359375,
    1760.3521728515625,
    1734.5106201171875,
    1707.5059814453125,
    1678.118408203125,
    1655.847412109375,
    1628.2451171875,
    1608.1455078125,
    1578.6405029296875,
    1553.9735107421875,
    1532.9215087890625,
    1507.0601806640625,
    1485.7431640625,
    1457.4267578125,
    1437.14501953125,
    1411.8116455078125,
    1387.4053955078125,
    1365.9783935546875,
    1339.5048828125,
    1321.53076171875,
    1298.80224609375,
    1275.5418701171875,
    1253.2843017578125,
    1232.569580078125,
    1208.1298828125,
    1191.0096435546875,
    1169.0919189453125,
    1149.5877685546875,
    1127.6907958984375,
    1109.9981689453125,
    1089.6552734375,
    1073.2237548828125,
    1049.6885986328125,
    1034.13525390625,
    1018.3908081054688,
    998.8005981445312,
    981.5670166015625,
    962.7377319335938,
    946.0736083984375,
    929.7443237304688,
    908.0989379882812,
    891.2754516601562,
    879.2662353515625,
    861.50341796875,
    848.9852294921875,
    833.1961669921875,
    817.8934936523438,
    801.876708984375,
    786.1399536132812,
    775.3713989257812,
    756.70703125,
    743.7537231445312,
    725.9461669921875,
    716.7459106445312,
    707.5569458007812,
    698.0968017578125,
    680.5147705078125,
    668.192626953125,
    658.5452880859375,
    642.4979248046875,
    635.0862426757812,
    620.2394409179688,
    612.1549682617188,
    600.7716064453125,
    587.2548828125,
    581.4669799804688,
    575.2546997070312,
    558.5787963867188,
    547.8230590820312,
    535.8886108398438,
    526.8211669921875,
    518.5282592773438,
    512.0260620117188,
    500.825927734375,
    490.8507995605469,
    482.7989501953125,
    476.1409606933594,
    467.3421936035156,
    462.2542419433594,
    453.2317199707031,
    450.74072265625
  ],
  "recon_losses": [
    2331.392333984375,
    2294.389404296875,
    2263.257080078125,
    2232.060302734375,
    2202.714111328125,
    2171.11572265625,
    2142.664794921875,
    2109.778076171875,
    2080.368896484375,
    2049.072998046875,
    2021.3453369140625,
    1992.007080078125,
    1967.3157958984375,
    1938.625,
    1908.9945068359375,
    1878.975830078125,
    1851.171142578125,
    1823.1043701171875,
    1795.2620849609375,
    1769.891845703125,
    1743.098876953125,
    1716.805908203125,
    1688.9461669921875,
    1659.4228515625,
    1638.26953125,
    1611.3045654296875,
    1590.9080810546875,
    1559.7822265625,
    1533.2410888671875,
    1511.0595703125,
    1484.05224609375,
    1462.4365234375,
    1433.67529296875,
    1413.549072265625,
    1387.2083740234375,
    1362.467041015625,
    1341.08984375,
    1314.4876708984375,
    1297.0164794921875,
    1273.4984130859375,
    1248.6448974609375,
    1225.594970703125,
    1205.371337890625,
    1181.578857421875,
    1165.987548828125,
    1143.630126953125,
    1122.5701904296875,
    1099.5799560546875,
    1082.3182373046875,
    1063.089599609375,
    1047.1072998046875,
    1021.9185791015625,
    1006.1533203125,
    990.5770874023438,
    970.3124389648438,
    951.5346069335938,
    932.9065551757812,
    917.8617553710938,
    902.4379272460938,
    879.3937377929688,
    863.0243530273438,
    852.7029418945312,
    833.2579345703125,
    818.7929077148438,
    800.629150390625,
    784.9840087890625,
    770.051513671875,
    757.4759521484375,
    748.8934936523438,
    727.3839721679688,
    712.1278686523438,
    693.736328125,
    688.5101928710938,
    682.0588989257812,
    670.9046630859375,
    647.8489379882812,
    633.4535522460938,
    625.3565673828125,
    612.7739868164062,
    609.2001342773438,
    591.8740234375,
    580.6036987304688,
    567.3760375976562,
    554.8406982421875,
    552.9007568359375,
    547.9776611328125,
    528.3135375976562,
    515.3065185546875,
    503.9833984375,
    499.285400390625,
    494.68243408203125,
    487.3830261230469,
    471.79278564453125,
    458.6553649902344,
    452.85986328125,
    450.9508361816406,
    443.5841979980469,
    436.6423034667969,
    423.91046142578125,
    419.3291931152344
  ],
  "kl_losses": [
    17.39076805114746,
    21.62672233581543,
    18.20210838317871,
    15.078465461730957,
    13.29248332977295,
    13.036328315734863,
    13.054893493652344,
    12.946701049804688,
    12.753677368164062,
    13.057621955871582,
    13.116050720214844,
    13.061660766601562,
    12.642840385437012,
    12.683501243591309,
    13.041769981384277,
    14.454367637634277,
    16.331689834594727,
    17.457487106323242,
    17.564363479614258,
    17.329195022583008,
    17.253263473510742,
    17.704727172851562,
    18.559844970703125,
    18.69550895690918,
    17.5778751373291,
    16.940553665161133,
    17.23737144470215,
    18.858312606811523,
    20.73242950439453,
    21.861928939819336,
    23.007984161376953,
    23.306621551513672,
    23.751455307006836,
    23.5959415435791,
    24.60328483581543,
    24.938364028930664,
    24.888559341430664,
    25.017194747924805,
    24.514331817626953,
    25.303823471069336,
    26.897003173828125,
    27.689329147338867,
    27.1982364654541,
    26.551013946533203,
    25.022130966186523,
    25.461740493774414,
    27.01755714416504,
    28.110797882080078,
    27.679950714111328,
    26.565616607666016,
    26.116479873657227,
    27.77005386352539,
    27.981983184814453,
    27.813724517822266,
    28.488174438476562,
    30.03240966796875,
    29.831159591674805,
    28.211872100830078,
    27.306371688842773,
    28.705224990844727,
    28.25111961364746,
    26.563276290893555,
    28.245473861694336,
    30.192306518554688,
    32.56698989868164,
    32.90949249267578,
    31.825225830078125,
    28.66401481628418,
    26.477909088134766,
    29.323089599609375,
    31.62586784362793,
    32.209815979003906,
    28.2357177734375,
    25.49803352355957,
    27.192169189453125,
    32.665855407714844,
    34.73910140991211,
    33.1887321472168,
    29.72395133972168,
    25.886127471923828,
    28.365432739257812,
    31.5512638092041,
    33.39554977416992,
    32.41420364379883,
    28.566205978393555,
    27.277013778686523,
    30.265274047851562,
    32.516517639160156,
    31.90521812438965,
    27.5357666015625,
    23.845853805541992,
    24.6430606842041,
    29.033157348632812,
    32.1954460144043,
    29.9390869140625,
    25.190114974975586,
    23.757999420166016,
    25.6119441986084,
    29.321252822875977,
    31.411518096923828
  ],
  "evaluation_metrics": {
    "mse": 0.005012895911931992,
    "sdr": -0.0009391118146595545,
    "snr": -0.0009391118146595545,
    "spectral_convergence": 0.6087992787361145,
    "spectral_mse": 0.021481545642018318
  }
}